GENCODE v29	GENCODE v49	Changed observations	Display
known	known		diagonal not shown
known	novel_in_known_gene	0	off-diagonal count
known	new_locus	0	off-diagonal count
known	ambiguous_gene	0	off-diagonal count
novel_in_known_gene	known	282	off-diagonal count
novel_in_known_gene	novel_in_known_gene		diagonal not shown
novel_in_known_gene	new_locus	92	off-diagonal count
novel_in_known_gene	ambiguous_gene	14517	off-diagonal count
new_locus	known	26	off-diagonal count
new_locus	novel_in_known_gene	10732	off-diagonal count
new_locus	new_locus		diagonal not shown
new_locus	ambiguous_gene	509	off-diagonal count
ambiguous_gene	known	140	off-diagonal count
ambiguous_gene	novel_in_known_gene	3137	off-diagonal count
ambiguous_gene	new_locus	0	off-diagonal count
ambiguous_gene	ambiguous_gene		diagonal not shown
