Metric	IsoQuant	StringTie	Cross-caller result	Unit and interpretation
Input observations	126	185	311 total	Transcript observations; one biological input
Exact transcript forms (TF1 + SE1)	126	185	110 shared; 201 union	Distinct forms; 108 shared TF1 and 2 shared SE1
Multi-exon splice chains (SC1)	122	176	109 shared; 189 union	Distinct chains; excludes single-exon forms
Forms without an exact counterpart in the other caller	16	75	91 total	Coordinate-different forms; not identity false splits
Shared chains with distinct transcript forms	NA	NA	6 chains; 7 cross-caller pairs	Equal complete intron chain; unequal ends
Exact-form join: correctly matched pairs	NA	NA	110/110	Correct joins / coordinate-equal cross-caller observation pairs
Exact-form join: false merges; false splits	NA	NA	0/110; 0/110	False merges / joined pairs; false splits / coordinate-equal pairs
Splice-chain join: correctly matched pairs	NA	NA	115/115	Correct joins / equal-chain cross-caller observation pairs
Splice-chain join: false merges; false splits	NA	NA	0/115; 0/115	False merges / joined pairs; false splits / equal-chain pairs
Original transcript-ID string matches (descriptive)	126	185	0 shared strings; 0 joined pairs	Native-name-only baseline; not comparison with shared reference aliases
Original transcript-ID join: missed equal forms (descriptive)	NA	NA	110/110	Missed / coordinate-equal pairs; false-merge rate undefined because no pairs join
Shared exact forms classified known in both callers	NA	NA	110/110	Annotation classification; all 110 also preserve equal reference transcript IDs
Incremental import: changes to existing exact observation keys	0/126	0/185	0 changes	Changed / pre-existing observations; form ID and form-to-SC relation
Incremental import: changes to existing canonical objects or full digests	0/8673	0/8669	0 changes	Changed / pre-existing structural objects including reference structures
Reverse-order final comparison: exact observation keys	NA	NA	0/311 changed	Matched caller/original-ID observations across the two final registries
Reverse-order final comparison: canonical objects or full digests	NA	NA	0/8684 changed	Structural objects including reference structures
